15,Peter Pan,123,02389238144,pan@admin.com
1,Lily,Lily#235,0142356789,lily@admin.com
2,Curry B,123,12394829083,curryb@admin.com
3,Alice,Alice#235,0198765324,alice@admin.com
4,Peter Pan,123,0129390234,hsdhqoj@gamil.com
5,Yinghui,123,1090193,yinghui@admin.com
6,Wendy Hi,145,0129390234,fwefdhqoj@gamil.com
7,yibei,12132,123143254,yibei@admin.com
8,Jack Ripper,1342,0129390234,wehfiewhfoj@gamil.com
9,Zukrina,123,1232423,zuk@admin.com
10,Asam Laksa,123,1231424,as@admin
11,Tom Yummm,123,12435,ty@admin
12,Ayam,Goreng,4820948,ag@admin
13,a,a,a,a
14,b,b,b,b
